"filename", "language", "Makefile", "C++", "Markdown", "comment", "blank", "total"
"/home/fungusdesu/Documents/data/laddle/Makefile", "Makefile", 23, 0, 0, 7, 12, 42
"/home/fungusdesu/Documents/data/laddle/README.md", "Markdown", 0, 0, 13, 0, 4, 17
"/home/fungusdesu/Documents/data/laddle/include/Types.hpp", "C++", 0, 5, 0, 0, 1, 6
"/home/fungusdesu/Documents/data/laddle/include/algo/binarySearch.hpp", "C++", 0, 16, 0, 0, 2, 18
"/home/fungusdesu/Documents/data/laddle/include/algo/dijkstra.hpp", "C++", 0, 4, 0, 0, 1, 5
"/home/fungusdesu/Documents/data/laddle/include/app/Program.hpp", "C++", 0, 22, 0, 0, 6, 28
"/home/fungusdesu/Documents/data/laddle/include/app/solve.hpp", "C++", 0, 5, 0, 0, 1, 6
"/home/fungusdesu/Documents/data/laddle/include/clocks/ShakeClock.hpp", "C++", 0, 10, 0, 0, 2, 12
"/home/fungusdesu/Documents/data/laddle/include/helper/centerTextInRect.hpp", "C++", 0, 3, 0, 0, 1, 4
"/home/fungusdesu/Documents/data/laddle/include/helper/hammingDistance.hpp", "C++", 0, 3, 0, 0, 1, 4
"/home/fungusdesu/Documents/data/laddle/include/helper/linebreak.hpp", "C++", 0, 3, 0, 0, 1, 4
"/home/fungusdesu/Documents/data/laddle/include/helper/splitString.hpp", "C++", 0, 4, 0, 0, 2, 6
"/home/fungusdesu/Documents/data/laddle/include/helper/splitToInteger.hpp", "C++", 0, 4, 0, 0, 2, 6
"/home/fungusdesu/Documents/data/laddle/include/helper/swag_assert.hpp", "C++", 0, 14, 0, 0, 3, 17
"/home/fungusdesu/Documents/data/laddle/include/helper/vecrand.hpp", "C++", 0, 11, 0, 1, 2, 14
"/home/fungusdesu/Documents/data/laddle/include/managers/ActionManager.hpp", "C++", 0, 35, 0, 0, 9, 44
"/home/fungusdesu/Documents/data/laddle/include/managers/AudioManager.hpp", "C++", 0, 47, 0, 0, 14, 61
"/home/fungusdesu/Documents/data/laddle/include/managers/FontManager.hpp", "C++", 0, 18, 0, 0, 5, 23
"/home/fungusdesu/Documents/data/laddle/include/managers/ResourceManager.hpp", "C++", 0, 104, 0, 11, 26, 141
"/home/fungusdesu/Documents/data/laddle/include/managers/ScreenManager.hpp", "C++", 0, 27, 0, 0, 8, 35
"/home/fungusdesu/Documents/data/laddle/include/screens/BaseScreen.hpp", "C++", 0, 12, 0, 1, 3, 16
"/home/fungusdesu/Documents/data/laddle/include/screens/InstructionScreen.hpp", "C++", 0, 39, 0, 0, 12, 51
"/home/fungusdesu/Documents/data/laddle/include/screens/MainMenuScreen.hpp", "C++", 0, 23, 0, 0, 5, 28
"/home/fungusdesu/Documents/data/laddle/include/screens/NotImplementedScreen.hpp", "C++", 0, 13, 0, 0, 4, 17
"/home/fungusdesu/Documents/data/laddle/include/screens/PlayScreen.hpp", "C++", 0, 30, 0, 0, 12, 42
"/home/fungusdesu/Documents/data/laddle/include/screens/SettingsScreen.hpp", "C++", 0, 16, 0, 0, 6, 22
"/home/fungusdesu/Documents/data/laddle/include/ui/Row.hpp", "C++", 0, 31, 0, 1, 14, 46
"/home/fungusdesu/Documents/data/laddle/include/ui/Spinner.hpp", "C++", 0, 35, 0, 1, 10, 46
"/home/fungusdesu/Documents/data/laddle/include/ui/Tile.hpp", "C++", 0, 23, 0, 1, 5, 29
"/home/fungusdesu/Documents/data/laddle/src/algo/binarySearch.cpp", "C++", 0, 0, 0, 0, 1, 1
"/home/fungusdesu/Documents/data/laddle/src/algo/dijkstra.cpp", "C++", 0, 57, 0, 0, 10, 67
"/home/fungusdesu/Documents/data/laddle/src/app/Program.cpp", "C++", 0, 29, 0, 0, 9, 38
"/home/fungusdesu/Documents/data/laddle/src/app/main.cpp", "C++", 0, 7, 0, 0, 2, 9
"/home/fungusdesu/Documents/data/laddle/src/app/solve.cpp", "C++", 0, 19, 0, 0, 3, 22
"/home/fungusdesu/Documents/data/laddle/src/clocks/ShakeClock.cpp", "C++", 0, 0, 0, 0, 1, 1
"/home/fungusdesu/Documents/data/laddle/src/helper/centerTextInRect.cpp", "C++", 0, 8, 0, 0, 2, 10
"/home/fungusdesu/Documents/data/laddle/src/helper/hammingDistance.cpp", "C++", 0, 13, 0, 0, 4, 17
"/home/fungusdesu/Documents/data/laddle/src/helper/linebreak.cpp", "C++", 0, 23, 0, 0, 3, 26
"/home/fungusdesu/Documents/data/laddle/src/helper/splitString.cpp", "C++", 0, 28, 0, 0, 2, 30
"/home/fungusdesu/Documents/data/laddle/src/helper/splitToInteger.cpp", "C++", 0, 26, 0, 1, 2, 29
"/home/fungusdesu/Documents/data/laddle/src/managers/ActionManager.cpp", "C++", 0, 92, 0, 25, 8, 125
"/home/fungusdesu/Documents/data/laddle/src/managers/AudioManager.cpp", "C++", 0, 102, 0, 0, 20, 122
"/home/fungusdesu/Documents/data/laddle/src/managers/FontManager.cpp", "C++", 0, 25, 0, 0, 5, 30
"/home/fungusdesu/Documents/data/laddle/src/managers/ResourceManager.cpp", "C++", 0, 60, 0, 3, 11, 74
"/home/fungusdesu/Documents/data/laddle/src/managers/ScreenManager.cpp", "C++", 0, 79, 0, 0, 15, 94
"/home/fungusdesu/Documents/data/laddle/src/screens/BaseScreen.cpp", "C++", 0, 0, 0, 0, 1, 1
"/home/fungusdesu/Documents/data/laddle/src/screens/InstructionScreen.cpp", "C++", 0, 76, 0, 0, 17, 93
"/home/fungusdesu/Documents/data/laddle/src/screens/MainMenuScreen.cpp", "C++", 0, 91, 0, 1, 20, 112
"/home/fungusdesu/Documents/data/laddle/src/screens/NotImplementedScreen.cpp", "C++", 0, 28, 0, 0, 9, 37
"/home/fungusdesu/Documents/data/laddle/src/screens/PlayScreen.cpp", "C++", 0, 237, 0, 1, 34, 272
"/home/fungusdesu/Documents/data/laddle/src/screens/SettingsScreen.cpp", "C++", 0, 77, 0, 0, 13, 90
"/home/fungusdesu/Documents/data/laddle/src/ui/Row.cpp", "C++", 0, 133, 0, 0, 28, 161
"/home/fungusdesu/Documents/data/laddle/src/ui/Spinner.cpp", "C++", 0, 50, 0, 0, 11, 61
"/home/fungusdesu/Documents/data/laddle/src/ui/Tile.cpp", "C++", 0, 51, 0, 0, 17, 68
"Total", "-", 23, 1868, 13, 54, 422, 2380